{"__symbolic":"module","version":4,"metadata":{"FirebaseuiAngularLibraryService":{"__symbolic":"class","decorators":[{"__symbolic":"call","expression":{"__symbolic":"reference","module":"@angular/core","name":"Injectable","line":4,"character":1}}],"members":{"__ctor__":[{"__symbolic":"constructor","parameters":[{"__symbolic":"reference","module":"@angular/fire/auth","name":"AngularFireAuth","line":8,"character":31}]}]}},"FirebaseuiAngularLibraryComponent":{"__symbolic":"class","decorators":[{"__symbolic":"call","expression":{"__symbolic":"reference","module":"@angular/core","name":"Component","line":28,"character":1},"arguments":[{"selector":"firebase-ui","template":"<div id=\"firebaseui-auth-container\"></div>"}]}],"members":{"signInSuccessCallback":[{"__symbolic":"property","decorators":[{"__symbolic":"call","expression":{"__symbolic":"reference","module":"@angular/core","name":"Output","line":38,"character":3},"arguments":["signInSuccess"]}]}],"signInSuccessWithAuthResultCallback":[{"__symbolic":"property","decorators":[{"__symbolic":"call","expression":{"__symbolic":"reference","module":"@angular/core","name":"Output","line":40,"character":3},"arguments":["signInSuccessWithAuthResult"]}]}],"signInFailureCallback":[{"__symbolic":"property","decorators":[{"__symbolic":"call","expression":{"__symbolic":"reference","module":"@angular/core","name":"Output","line":41,"character":3},"arguments":["signInFailure"]}]}],"__ctor__":[{"__symbolic":"constructor","parameterDecorators":[null,[{"__symbolic":"call","expression":{"__symbolic":"reference","module":"@angular/core","name":"Inject","line":63,"character":15},"arguments":["firebaseUIAuthConfig"]}],[{"__symbolic":"call","expression":{"__symbolic":"reference","module":"@angular/core","name":"Inject","line":64,"character":15},"arguments":["firebaseUIAuthConfigFeature"]}],null,null],"parameters":[{"__symbolic":"reference","module":"@angular/fire/auth","name":"AngularFireAuth","line":62,"character":39},{"__symbolic":"reference","name":"NativeFirebaseUIAuthConfig"},{"__symbolic":"reference","name":"NativeFirebaseUIAuthConfig"},{"__symbolic":"reference","module":"@angular/core","name":"NgZone","line":65,"character":30},{"__symbolic":"reference","name":"FirebaseuiAngularLibraryService"}]}],"ngOnInit":[{"__symbolic":"method"}],"ngOnDestroy":[{"__symbolic":"method"}],"getUIAuthConfig":[{"__symbolic":"method"}],"firebaseUIPopup":[{"__symbolic":"method"}],"getCallbacks":[{"__symbolic":"method"}],"getNewConfigurationString":[{"__symbolic":"method"}]},"statics":{"COMPUTED_CALLBACKS":"COMPUTED_CALLBACKS"}},"firebase":{"__symbolic":"reference","module":"firebase/app"},"firebaseui":{"__symbolic":"reference","module":"firebaseui"},"FirebaseUIAuthConfig":{"__symbolic":"class","members":{}},"NativeFirebaseUIAuthConfig":{"__symbolic":"interface"},"FirebaseUISignInSuccessWithAuthResult":{"__symbolic":"class","members":{}},"FirebaseUISignInFailure":{"__symbolic":"class","members":{}},"FirebaseUISignInSuccess":{"__symbolic":"class","members":{}},"CredentialHelper":{"AccountChooser":0,"OneTap":1,"None":2},"AuthProvider":{"Google":0,"Facebook":1,"Twitter":2,"Github":3,"Password":4,"Phone":5},"AuthProviderWithCustomConfig":{"__symbolic":"interface"},"AuthMethods":{"Popup":0,"Redirect":1},"FirebaseUIModule":{"__symbolic":"class","decorators":[{"__symbolic":"call","expression":{"__symbolic":"reference","module":"@angular/core","name":"NgModule","line":6,"character":1},"arguments":[{"imports":[{"__symbolic":"reference","module":"@angular/common","name":"CommonModule","line":8,"character":4}],"declarations":[{"__symbolic":"reference","name":"FirebaseuiAngularLibraryComponent"}],"providers":[{"__symbolic":"reference","name":"FirebaseuiAngularLibraryService"}],"exports":[{"__symbolic":"reference","name":"FirebaseuiAngularLibraryComponent"}]}]}],"members":{},"statics":{"forRoot":{"__symbolic":"function","parameters":["firebaseUiAuthConfig"],"value":{"ngModule":{"__symbolic":"reference","name":"FirebaseUIModule"},"providers":[{"provide":"firebaseUIAuthConfig","useValue":{"__symbolic":"reference","name":"firebaseUiAuthConfig"}},{"provide":"firebaseUIAuthConfigFeature","useValue":{}}]}},"forFeature":{"__symbolic":"function","parameters":["firebaseUIAuthConfig"],"value":{"ngModule":{"__symbolic":"reference","name":"FirebaseUIModule"},"providers":[{"provide":"firebaseUIAuthConfigFeature","useValue":{"__symbolic":"reference","name":"firebaseUIAuthConfig"}}]}}}}},"origins":{"FirebaseuiAngularLibraryService":"./lib/firebaseui-angular-library.service","FirebaseuiAngularLibraryComponent":"./lib/firebaseui-angular-library.component","firebase":"./lib/firebaseui-angular-library.helper","firebaseui":"./lib/firebaseui-angular-library.helper","FirebaseUIAuthConfig":"./lib/firebaseui-angular-library.helper","NativeFirebaseUIAuthConfig":"./lib/firebaseui-angular-library.helper","FirebaseUISignInSuccessWithAuthResult":"./lib/firebaseui-angular-library.helper","FirebaseUISignInFailure":"./lib/firebaseui-angular-library.helper","FirebaseUISignInSuccess":"./lib/firebaseui-angular-library.helper","CredentialHelper":"./lib/firebaseui-angular-library.helper","AuthProvider":"./lib/firebaseui-angular-library.helper","AuthProviderWithCustomConfig":"./lib/firebaseui-angular-library.helper","AuthMethods":"./lib/firebaseui-angular-library.helper","FirebaseUIModule":"./lib/firebaseui-angular-library.module"},"importAs":"firebaseui-angular"}